-- insert records into Episodes table

INSERT INTO sunnydale.Episodes (episodeid, no_overall, title, season, episode_number, air_date, director)
VALUES
(1,1, 'Welcome to the Hellmouth', 1, 1, '1997-03-10', 'Charles Martin Smith'),
(2, 2, 'The Harvest', 1, 2, '1997-03-10', 'John T. Kretchmer'),
(3, 3, 'The Witch', 1, 3, '1997-03-17', 'Stephen Cragg'),
(4, 4, 'Teacher''s Pet', 1, 4, '1997-03-24', 'Bruce Seth Green'),
(5, 5, 'Never Kill a Boy on the First Date', 1, 5, '1997-03-31', 'David Semel'),
(6, 6, 'The Pack', 1, 6, '1997-04-07', 'Bruce Seth Green'),
(7, 7, 'Angel', 1, 7, '1997-04-14', 'Scott Brazil'),
(8, 8, 'I, Robot... You, Jane', 1, 8, '1997-04-28', 'Stephen Posey'),
(9, 9, 'The Puppet Show', 1, 9, '1997-05-05', 'Ellen S. Pressman'),
(10, 10, 'Nightmares', 1, 10, '1997-05-12', 'Bruce Seth Green'),
(11, 11, 'Out of Mind, Out of Sight', 1, 11, '1997-05-19', 'Reza Badiyi'),
(12, 12, 'Prophecy Girl', 1, 12, '1997-06-02', 'Joss Whedon'),
(13, 13, 'When She Was Bad', 2, 1, '1997-09-15', 'Joss Whedon'),
(14, 14,  'Some Assembly Required', 2, 2, '1997-09-22', 'Bruce Seth Green'),
(15, 15,  'School Hard', 2, 3, '1997-09-29', 'John T. Kretchmer'),
(16, 15,  'Inca Mummy Girl', 2, 4, '1997-10-06', 'Ellen S. Pressman'),
(17, 17,  'Reptile Boy', 2, 5, '1997-10-13', 'David Greenwalt'),
(18, 18,  'Halloween', 2, 6, '1997-10-27', 'Bruce Seth Green'),
(19, 19, 'Lie to Me', 2, 7, '1997-11-03', 'Joss Whedon'),
(20, 20, 'The Dark Age', 2, 8, '1997-11-10', 'Bruce Seth Green'),
(21, 21, 'What''s My Line? (Part 1)', 2, 9, '1997-11-17', 'David Solomon'),
(22, 22, 'What''s My Line? (Part 2)', 2, 9, '1997-11-24', 'David Solomon'),
(23, 23,  'Ted', 2, 10, '1997-12-08', 'David Semel'),
(24, 24,  'Bad Eggs', 2, 11, '1998-01-12', 'Bruce Seth Green'),
(25, 25, 'Surprise', 2, 12, '1998-01-19', 'David Greenwalt'),
(26, 26, 'Innocence', 2, 13, '1998-01-20', 'Michael Lange'),
(27, 27, 'Phases', 2, 14, '1998-01-27', 'Joss Whedon'),
(28, 28, 'Bewitched, Bothered and Bewildered', 2, 15, '1998-02-10', 'Bruce Seth Green'),
(29, 29,  'Passion', 2, 16, '1998-02-24', 'James A. Contner'),
(30, 30,  'Killed by Death', 2, 17, '1998-03-03', 'Michael Gershman'),
(31, 31,  'I Only Have Eyes for You', 2, 18, '1998-04-28', 'Deran Sarafian'),
(32, 32, 'Go Fish', 2, 19, '1998-05-05', 'James Whitmore, Jr.'),
(33, 33, 'Becoming (Part 1)', 2, 20, '1998-05-12', 'David Semel'),
(34, 34,  'Becoming (Part 2)', 2, 21, '1998-05-19', 'Joss Whedon'),
(35, 35,  'Anne', 3, 1, '1998-09-29', 'Joss Whedon'),
(36, 36, 'Dead Man''s Party', 3, 2, '1998-10-06', 'James Whitmore, Jr.'),
(37, 36,  'Faith, Hope & Trick', 3, 3, '1998-10-13', 'James A. Contner'),
(38, 38,  'Beauty and the Beasts', 3, 4, '1998-10-20', 'James Whitmore, Jr.'),
(39, 39,'Homecoming', 3, 5, '1998-11-03', 'David Greenwalt'),
(40,40, 'Band Candy', 3, 6, '1998-11-10', 'Michael Lange'),
(41,41, 'Revelations', 3, 7, '1998-11-17', 'James A. Contner'),
(42,42, 'Lovers Walk', 3, 8, '1998-11-24', 'David Semel'),
(43,43, 'The Wish', 3, 9, '1998-12-08', 'David Greenwalt'),
(44,44, 'Amends', 3, 10, '1998-12-15', 'Joss Whedon'),
(45,45, 'Gingerbread', 3, 11, '1999-01-12', 'James Whitmore, Jr.'),
(46,46, 'Helpless', 3, 12, '1999-01-19', 'James A. Contner'),
(47,47, 'The Zeppo', 3, 13, '1999-01-26', 'James Whitmore, Jr.'),
(48,48, 'Bad Girls', 3, 14, '1999-02-09', 'Michael Lange'),
(49,49, 'Consequences', 3, 15, '1999-02-16', 'Michael Gershman'),
(50,50, 'Doppelgangland', 3, 16, '1999-02-23', 'Joss Whedon'),
(51,51, 'Enemies', 3, 17, '1999-03-16', 'David Grossman'),
(52,52, 'Earshot', 3, 18, '1999-09-21', 'Regis Kimble'),
(53,53, 'Choices', 3, 19, '1999-05-04', 'James A. Contner'),
(54,54, 'The Prom', 3, 20, '1999-05-11', 'David Solomon'),
(55,55, 'Graduation Day (Part 1)', 3, 21, '1999-05-18', 'Joss Whedon'),
(56,56, 'Graduation Day (Part 2)', 3, 22, '1999-07-13', 'Joss Whedon'),
(57,57, 'The Freshman', 4, 1, '1999-10-05', 'Joss Whedon'),
(58,58, 'Living Conditions', 4, 2, '1999-10-12', 'David Grossman'),
(59,59, 'The Harsh Light of Day', 4, 3, '1999-10-19', 'James A. Contner'),
(60,60, 'Fear, Itself', 4, 4, '1999-10-26', 'Tucker Gates'),
(61,61, 'Beer Bad', 4, 5, '1999-11-02', 'David Solomon'),
(62,62, 'Wild at Heart', 4, 6, '1999-11-09', 'David Grossman'),
(63,63, 'The Initiative', 4, 7, '1999-11-16', 'James A. Contner'),
(64,64, 'Pangs', 4, 8, '1999-11-23', 'Michael Lange'),
(65,65, 'Something Blue', 4, 9, '1999-11-30', 'Nick Marck'),
(66,66, 'Hush', 4, 10, '1999-12-14', 'Joss Whedon'),
(67,67, 'Doomed', 4, 11, '2000-01-18', 'James A. Contner'),
(68,68, 'A New Man', 4, 12, '2000-01-25', 'Michael Gershman'),
(69,69, 'The I in Team', 4, 13, '2000-02-08', 'James A. Contner'),
(70,70, 'Goodbye Iowa', 4, 14, '2000-02-15', 'David Solomon'),
(71,71, 'This Year''s Girl', 4, 15, '2000-02-22', 'Michael Gershman'),
(72,72, 'Who Are You?', 4, 16, '2000-02-29', 'Joss Whedon'),
(73,73, 'Superstar', 4, 17, '2000-04-04', 'David Grossman'),
(74,74, 'Where the Wild Things Are', 4, 18, '2000-04-25', 'David Solomon'),
(75,75, 'New Moon Rising', 4, 19, '2000-05-02', 'James A. Contner'),
(76,76, 'The Yoko Factor', 4, 20, '2000-05-09', 'David Grossman'),
(77,77, 'Primeval', 4, 21, '2000-05-16', 'James A. Contner'),
(78,78, 'Restless', 4, 22, '2000-05-23', 'Joss Whedon'),
(79,79, 'Buffy vs. Dracula', 5, 1, '2000-09-26', 'David Solomon'),
(80,80, 'Real Me', 5, 2, '2000-10-03', 'David Grossman'),
(81,81, 'The Replacement', 5, 3, '2000-10-10', 'James A. Contner'),
(82,82, 'Out of My Mind', 5, 4, '2000-10-17', 'David Grossman'),
(83,83, 'No Place Like Home', 5, 5, '2000-10-24', 'David Solomon'),
(84,84, 'Family', 5, 6, '2000-11-07', 'Joss Whedon'),
(85,85, 'Fool for Love', 5, 7, '2000-11-14', 'Nick Marck'),
(86,86, 'Shadow', 5, 8, '2000-11-21', 'Dan Attias'),
(87,87, 'Listening to Fear', 5, 9, '2000-11-28', 'David Solomon'),
(88,88, 'Into the Woods', 5, 10, '2000-12-19', 'Marti Noxon'),
(89,89, 'Triangle', 5, 11, '2001-01-09', 'Christopher Hibler'),
(90,90, 'Checkpoint', 5, 12, '2001-01-23', 'Nick Marck'),
(91,91, 'Blood Ties', 5, 13, '2001-02-06', 'Michael Gershman'),
(92,92, 'Crush', 5, 14, '2001-02-13', 'Dan Attias'),
(93,93, 'I Was Made to Love You', 5, 15, '2001-02-20', 'James A. Contner'),
(94,94, 'The Body', 5, 16, '2001-02-27', 'Joss Whedon'),
(95,95, 'Forever', 5, 17, '2001-04-17', 'Marti Noxon'),
(96,96, 'Intervention', 5, 18, '2001-04-24', 'Michael Gershman'),
(97,97, 'Tough Love', 5, 19, '2001-05-01', 'David Grossman'),
(98,98, 'Spiral', 5, 20, '2001-05-08', 'James A. Contner'),
(99,99, 'The Weight of the World', 5, 21, '2001-05-15', 'David Solomon'),
(100,100, 'The Gift', 5, 22, '2001-05-22', 'Joss Whedon'),
(101,101, 'Bargaining (Part 1)', 6, 1, '2001-10-02', 'David Grossman'),
(102,102, 'Bargaining (Part 2)', 6, 2, '2001-10-02', 'David Grossman'),
(103,103, 'After Life', 6, 3, '2001-10-09', 'David Solomon'),
(104,104, 'Flooded', 6, 4, '2001-10-16', 'Douglas Petrie'),
(105,105, 'Life Serial', 6, 5, '2001-10-23', 'Nick Marck'),
(106,106, 'All the Way', 6, 6, '2001-10-30', 'David Solomon'),
(107,107, 'Once More, with Feeling', 6, 7, '2001-11-06', 'Joss Whedon'),
(108,108, 'Tabula Rasa', 6, 8, '2001-11-13', 'David Grossman'),
(109,109, 'Smashed', 6, 9, '2001-11-20', 'Turi Meyer'),
(110,110, 'Wrecked', 6, 10, '2001-11-27', 'David Solomon'),
(111,111, 'Gone', 6, 11, '2002-01-08', 'David Fury'),
(112,112, 'Doublemeat Palace', 6, 12, '2002-01-29', 'Nick Marck'),
(113,113, 'Dead Things', 6, 13, '2002-02-05', 'James A. Contner'),
(114,114, 'Older and Far Away', 6, 14, '2002-02-12', 'Michael Gershman'),
(115,115, 'As You Were', 6, 15, '2002-02-26', 'Douglas Petrie'),
(116,116, 'Hell''s Bells', 6, 16, '2002-03-05', 'David Solomon'),
(117,117, 'Normal Again', 6, 17, '2002-03-12', 'Rick Rosenthal'),
(118,118, 'Entropy', 6, 18, '2002-04-30', 'James A. Contner'),
(119,119, 'Seeing Red', 6, 19, '2002-05-07', 'Michael Gershman'),
(120,120, 'Villains', 6, 20, '2002-05-14', 'David Solomon'),
(121,121, 'Two to Go', 6, 21, '2002-05-21', 'Bill L. Norton'),
(122,122, 'Grave', 6, 22, '2002-05-21', 'James A. Contner'),
(123,123, 'Lessons', 7, 1, '2002-09-24', 'David Solomon'),
(124,124, 'Beneath You', 7, 2, '2002-10-01', 'Nick Marck'),
(125,125, 'Same Time, Same Place', 7, 3, '2002-10-08', 'James A. Contner'),
(126,126, 'Help', 7, 4, '2002-10-15', 'Rick Rosenthal'),
(127,127, 'Selfless', 7, 5, '2002-10-22', 'David Solomon'),
(128,128, 'Him', 7, 6, '2002-11-05', 'Michael Gershman'),
(129,129, 'Conversations with Dead People', 7, 7, '2002-11-12', 'Nick Marck'),
(130, 130, 'Sleeper', 7, 8, '2002-11-19', 'Alan J. Levi'),
(131, 131, 'Never Leave Me', 7, 9, '2002-11-26', 'David Solomon'),
(132, 132,  'Bring on the Night', 7, 10, '2002-12-17', 'David Grossman'),
(133, 133, 'Showtime', 7, 11, '2003-01-07', 'Michael Grossman'),
(134, 134, 'Potential', 7, 12, '2003-01-21', 'James A. Contner'),
(135, 135, 'The Killer in Me', 7, 13, '2003-02-04', 'David Solomon'),
(136, 136, 'First Date', 7, 14, '2003-02-11', 'David Grossman'),
(137, 137, 'Get It Done', 7, 15, '2003-02-18', 'Douglas Petrie'),
(138, 138, 'Storyteller', 7, 16, '2003-02-25', 'Marita Grabiak'),
(139, 139, 'Lies My Parents Told Me', 7, 17, '2003-03-25', 'David Fury'),
(140, 140, 'Dirty Girls', 7, 18, '2003-04-15', 'Michael Gershman'),
(141, 141, 'Empty Places', 7, 19, '2003-04-29', 'James A. Contner'),
(142, 142, 'Touched', 7, 20, '2003-05-06', 'David Solomon'),
(143, 143, 'End of Days', 7, 21, '2003-05-13', 'Marita Grabiak'),
(144, 144, 'Chosen', 7, 22, '2003-05-20', 'Joss Whedon')
;


-- insert records into Ratings table

INSERT INTO sunnydale.ratings (ratingsid, episodeID, viewers, imdb_rating, imdb_votes) 
VALUES
(1, 1, 4.59, 7.9, 5500),
(2, 2, 4.59, 7.7, 4700),
(3, 3, 4.63, 7.5, 4700),
(4, 4, 2.98, 6.7, 4500),
(5, 5, 4.09, 7.2, 4300),
(6, 6, 3.42, 7.2, 4500),
(7, 7, 3.39, 8.4, 4600),
(8, 8, 2.47, 6.5, 4300),
(9, 9, 2.56, 7.5, 4300),
(10, 10, 3.47, 8, 4300),
(11, 11, 3.36, 7.5, 4100),
(12, 12, 3.97, 8.7, 4600),
(13, 13, 4.37, 8, 4200),
(14, 14, 4.42, 6.8, 3900),
(15, 15, 4.86, 8.7, 4400),
(16, 16, 4.7, 7, 4000),
(17, 17, 4.77, 7, 3900),
(18, 18, 5.88, 8.8, 4800),
(19, 19, 4.98, 8.2, 4100),
(20, 20, 5.59, 7.6, 3800),
(21, 21, 5.04, 8.1, 3900),
(22, 22, 5.41, 8.4, 3900),
(23, 23, 6.09, 7.4, 4000),
(24, 24, 6.48, 6.6, 3800),
(25, 25, 7.59, 8.5, 4100),
(26, 26, 7.94, 9.2, 4700),
(27, 27, 7.31, 7.9, 3700),
(28, 28, 6.77, 8.6, 4500),
(29, 29, 6.14, 9.3, 5100),
(30, 30, 6.08, 7.3, 3800),
(31, 31, 5.06, 8.3, 4300),
(32, 32, 5.13, 6.7, 3800),
(33, 33, 5.3, 9, 4400),
(34, 34, 6.37, 9.5, 5300),
(35, 35, 7.06, 7.8, 4100),
(36, 36, 6.2, 7.3, 3700),
(37, 37, 5.46, 8.1, 3800),
(38, 38, 6.2, 7.4, 3600),
(39, 39, 6.53, 8, 3600),
(40, 40, 6.35, 8.6, 4200),
(41, 41, 6.46, 8, 3700),
(42, 42, 6, 8.8, 4400),
(43, 43, 6.32, 9.1, 4800),
(44, 44, 6.85, 8.2, 3900),
(45, 45, 6.42, 7.2, 3600),
(46, 46, 7, 8.3, 3800),
(47, 47, 5.93, 8.6, 4500),
(48, 48, 6.09, 8.2, 3700),
(49, 49, 5.93, 8.1, 3500),
(50, 50, 6.5, 9.2, 4700),
(51, 51, 5.94, 8.5, 3700),
(52, 52, 5.08, 8.1, 3900),
(53, 53, 5.04, 8.7, 3500),
(54, 54, 5.22, 8.9, 3900),
(55, 55, 5.13, 9.2, 4000),
(56, 56, 6.53, 8.7, 4200),
(57, 57, 6.79, 7.6, 3600),
(58, 58, 5.64, 7.5, 3600),
(59, 59, 5.09, 7.9, 3400),
(60, 60, 5.98, 8.4, 3800),
(61, 61, 5.11, 6.3, 3900),
(62, 62, 6.51, 7.9, 3500),
(63, 63, 5.65, 7.9, 3000),
(64, 64, 5.9, 7.9, 3600),
(65, 65, 5.42, 8.9, 4200),
(66, 66, 5.97, 9.7, 8400),
(67, 67, 5.35, 7.5, 3300),
(68, 68, 6.02, 8.2, 3400),
(69, 69, 4.83, 7.4, 3100),
(70, 70, 4.85, 7, 3100),
(71, 71, 5.75, 8.4, 3500),
(72, 72, 4.9, 8.9, 3900),
(73, 73, 4.11, 7.2, 3800),
(74, 74, 3.85, 6.3, 3600),
(75, 75, 4.02, 8.1, 3300),
(76, 76, 4.55, 8, 3300),
(77, 77, 4.85, 8.2, 3400),
(78, 78, 4.5, 8.6, 4600),
(79, 79, 5.83, 7.6, 3500),
(80, 80, 6.17, 7.4, 2900),
(81, 81, 5.34, 8, 3200),
(82, 82, 5.1, 7.5, 3000),
(83, 83, 6.41, 8.1, 2900),
(84, 84, 6.19, 8.1, 3200),
(85, 85, 5.66, 9.1, 4100),
(86, 86, 4.83, 7.3, 2700),
(87, 87, 5.48, 7, 2800),
(88, 88, 4.85, 7.4, 3000),
(89, 89, 4.85, 7.6, 2900),
(90, 90, 5.01, 8.3, 3100),
(91, 91, 4.89, 8.2, 3000),
(92, 92, 4.9, 8.4, 3200),
(93, 93, 5.11, 7.4, 2900),
(94, 94, 5.97, 9.7, 7800),
(95, 95, 4.29, 8, 3100),
(96, 96, 4.73, 8.6, 3200),
(97, 97, 4.59, 8.1, 2800),
(98, 98, 5.11, 8.2, 2800),
(99, 99, 4.76, 7.9, 2800),
(100, 100, 5.22, 9.5, 5100),
(101, 101, 7.65, 8.1, 3000),
(102, 102, 7.65, 8.2, 2900),
(103, 103, 5.58, 7.8, 2600),
(104, 104, 6.03, 7.2, 2500),
(105, 105, 5.68, 7.8, 2700),
(106, 106, 5.23, 7.1, 2600),
(107, 107, 5.44, 9.7, 11000),
(108, 108, 5.4, 9.1, 4100),
(109, 109, 5, 7.9, 2900),
(110, 110, 5.57, 7.6, 2700),
(111, 111, 5.16, 7.7, 2600),
(112, 112, 5.57, 6.7, 2800),
(113, 113, 5.21, 7.5, 2600),
(114, 114, 5.01, 7.6, 2500),
(115, 115, 4.7, 6.7, 2700),
(116, 116, 5.61, 7.5, 2800),
(117, 117, 5.01, 8.4, 3400),
(118, 118, 4.53, 7.8, 2500),
(119, 119, 4.06, 8.5, 3100),
(120, 120, 4.96, 8.8, 3100),
(121, 121, 5.31, 8.7, 3000),
(122, 122, 5.31, 8.9, 3400),
(123, 123, 4.99, 7.6, 2600),
(124, 124, 4.97, 7.8, 2700),
(125, 125, 4.9, 7.9, 2500),
(126, 126, 5.04, 7.8, 2600),
(127, 127, 5.02, 8.7, 3100),
(128, 128, 4.65, 7.1, 2800),
(129, 129, 4.83, 8.9, 3600),
(130, 130, 5.03, 7.7, 2400),
(131, 131, 4.83, 7.8, 2300),
(132, 132, 4.79, 7.7, 2400),
(133, 133, 4.08, 8, 2500),
(134, 134, 3.61, 7.6, 2300),
(135, 135, 3.46, 7.2, 2500),
(136, 136, 4.24, 7.4, 2300),
(137, 137, 3.43, 7.5, 2300),
(138, 138, 3.63, 8.2, 2900),
(139, 139, 3.44, 8.7, 3200),
(140, 140, 3.31, 8.6, 2600),
(141, 141, 3.6, 7.6, 2400),
(142, 142, 4.02, 8.4, 2800),
(143, 143, 4.06, 8.5, 2800),
(144, 144, 4.87, 9.3, 4900)
;


-- insert records into Writers table

INSERT INTO sunnydale.writers (writerID, writer_name)
VALUES
    (1, 'Joss Whedon'),
    (2, 'Dana Reston'),
    (3, 'David Greenwalt'),
    (4, 'Rob Des Hotel'),
    (5, 'Dean Batali'),
    (6, 'Matt Kiene'),
    (7, 'Joe Reinkemeyer'),
    (8, 'Ashley Gable'),
    (9, 'Thomas A. Swyden'),
    (10, 'Ty King'),
    (11, 'David Fury'),
    (12, 'Elin Hampton'),
    (13, 'Matt Kiene'),
    (14, 'Joe Reinkemeyer'),
    (15, 'Carl Ellsworth'),
    (16, 'Howard Gordon'),
    (17, 'Marti Noxon'),
    (18, 'Jane Espenson'),
    (19, 'Douglas Petrie'),
    (20, 'Dan Vebber'),
    (21, 'Thania St. John'),
    (22, 'Tracey Forbes'),
    (23, 'Rebecca Rand Kirshner'),
    (24, 'Steven S. DeKnight'),
    (25, 'Drew Z. Greenberg'),
    (26, 'Diego Gutierrez'),
    (27, 'Drew Goddard');

-- insert records into Writers_Episodes table

INSERT INTO sunnydale.writers_episodes (EpisodeID, writerID)
VALUES
(1, 1),
(2, 1),
(3, 2),
(4, 3),
(5, 4),
(5, 5),
(6, 6),
(6, 7),
(7, 3),
(8, 8),
(8, 9),
(9, 4),
(9, 5),
(10, 1),
(10, 3),
(11, 1),
(11, 8),
(11, 9),
(12, 1),
(13, 1),
(14, 10),
(15, 1),
(15, 3),
(16, 13),
(16, 7),
(17, 3),
(18, 15),
(19, 1),
(20, 5),
(20, 4),
(21, 16),
(21, 17),
(22, 17),
(23, 3),
(23, 1),
(24, 17),
(25, 17),
(26, 1),
(27, 4),
(27, 5),
(28, 17),
(29, 10),
(30, 4),
(30, 5),
(31, 17),
(32, 11),
(32, 12),
(33, 1),
(34, 1),
(35, 1),
(36, 17),
(37, 3),
(38, 17),
(39, 3),
(40, 18),
(41, 19),
(42, 20),
(43, 17),
(44, 1),
(45, 21),
(45, 18),
(46, 11),
(47, 20),
(48, 19),
(49, 17),
(50, 1),
(51, 19),
(52, 18),
(53, 11),
(54, 17),
(55, 1),
(56, 1),
(57, 1),
(58, 17),
(59, 18),
(60, 11),
(61, 22),
(62, 17),
(63, 19),
(64, 18),
(65, 22),
(66, 1),
(67, 17),
(67, 11),
(67, 18),
(68, 18),
(69, 11),
(70, 17),
(71, 19),
(72, 1),
(73, 18),
(74, 22),
(75, 17),
(76, 19),
(77, 11),
(78, 1),
(79, 17),
(80, 11),
(81, 18),
(82, 23),
(83, 19),
(84, 1),
(85, 19),
(86, 11),
(87, 23),
(88, 17),
(89, 18),
(90, 19),
(90, 18),
(91, 24),
(92, 11),
(93, 18),
(94, 1),
(95, 17),
(96, 18),
(97, 23),
(98, 24),
(99, 19),
(100, 1),
(101, 17),
(102, 11),
(103, 18),
(104, 18),
(104, 19),
(105, 11),
(106, 18),
(106, 24),
(107, 1),
(108, 23),
(109, 25),
(110, 17),
(111, 11),
(112, 18),
(113, 24),
(114, 25),
(115, 19),
(116, 23),
(117, 26),
(118, 25),
(119, 24),
(120, 17),
(121, 19),
(122, 11),
(123, 1),
(124, 19),
(125, 18),
(126, 23),
(127, 27),
(128, 25),
(129, 18),
(129, 27),
(130, 11),
(130, 18),
(131, 27),
(132, 19),
(132, 17),
(133, 11),
(134, 23),
(135, 25),
(136, 18),
(137, 19),
(138, 18),
(139, 27),
(139, 11),
(140, 27),
(141, 25),
(142, 23),
(143, 19),
(143, 18),
(144, 1)
;